,mu,std
Reco_tHq_bestJABDToutput,0.15156011,0.15083256
Evt_CSV_dev,0.16619441,0.03887262
Evt_HT_jets,484.7441,244.19115
Reco_JABDT_tHW_Jet_CSV_btop,0.30265498,1.0075777
Evt_M_JetsAverage,12.935496,4.5698056
Evt_CSV_avg,0.5073017,0.11969561
Reco_ttH_bestJABDToutput,-0.48243088,0.5837198
