,mu,std
Reco_tHq_bestJABDToutput,0.15156013,0.15083256
Jet_Pt[0],170.8348328769896,108.21229268719836
Evt_CSV_dev,0.16619438,0.03887262
Evt_HT_jets,484.74377,244.19115
Reco_JABDT_tHW_Jet_CSV_btop,0.3026548,1.0075777
Evt_M_JetsAverage,12.935503,4.5698056
memDBp,0.14194731,0.3491174
Evt_CSV_avg,0.50730115,0.11969561
Reco_ttbar_bestJABDToutput,0.22662912,0.16767925
Evt_M_Total,872.8161,427.46582
Reco_ttH_bestJABDToutput,-0.48243126,0.5837198
